{"train_losses": [0.29965627228220304, 0.11505419448018074, 0.08331625819206238, 0.08490212726096312, 0.07934973975022634, 0.0578190141916275, 0.07649924140423536, 0.05703615318983793, 0.055164101409415404, 0.04978660995761553], "val_losses": [0.15122223511338234, 0.08713597481449445, 0.17723550900816917, 0.08474051783482234, 0.14757803772886594, 0.1090777192513148, 0.12353425959746044, 0.07659744600454967, 0.11598112041751543, 0.07935074046254158], "train_accuracies": [0.9090625, 0.9632291666666667, 0.9748958333333333, 0.9753125, 0.9771875, 0.9815625, 0.9791666666666666, 0.9827083333333333, 0.9833333333333333, 0.98375], "val_accuracies": [0.9541666666666667, 0.97625, 0.94875, 0.9733333333333334, 0.96125, 0.9675, 0.9658333333333333, 0.9758333333333333, 0.96625, 0.97625]}
