{"train_loss": [1.5605151629447938, 1.5773385977745056, 1.4669813243548075, 1.5323642186323803, 1.4603951593240103, 1.5044191575050354, 1.4262596758206685, 1.4109080930550892, 1.3835068575541178], "train_acc": [56.461365953276434, 56.405453013365296, 58.90251839005033, 57.99870360178532, 60.35648429791895, 58.62157148794528, 61.06359616143448, 62.37452455650971, 63.641738170162775], "val_loss": [0.9534728040820674, 0.9366088603672228, 1.4000504863889593, 0.7087423738680387, 0.7915783320602617, 0.7962508201599121, 0.7182824823417162, 0.7932824978702947, 0.7256886535569241], "val_acc": [69.70833333333333, 72.95833333333333, 56.0, 80.125, 77.375, 76.66666666666667, 79.375, 76.29166666666667, 77.79166666666667]}