{"train_loss": [1.33809406598409, 1.3219219795862833, 1.2968670403957367, 1.3173201032479604, 1.3272242792447408, 1.2319462084770203, 1.3093695817391078, 1.380807801882426, 1.1832275607188543, 1.3138720452785493, 1.2564325102170308, 1.2352312588691712, 1.271604948838552, 1.2540965761741003, 1.2891726235548655, 1.3188338991006214, 1.2450222313404082, 1.1989291920264562, 1.1492331669727962, 1.204788642724355, 1.1361441854635874, 1.1507179407278696, 1.0949828982353211, 1.1618452179431915, 1.1255096008380254, 1.237855252623558, 1.158120219906171, 1.143082423210144, 1.0928195905685425, 1.1787929276625315], "train_acc": [65.10116186686616, 65.98531095255696, 66.27240506797224, 65.87391327716547, 65.40348074873606, 67.9200963378249, 66.26040229134645, 64.25354669635172, 69.84625547691984, 66.39831063082492, 67.60387445552344, 68.64017693765527, 67.48282162040992, 68.1896734917631, 66.97634615171779, 65.91065556351741, 68.99812442498984, 70.60521956702968, 71.79513945337695, 70.59831929472203, 72.41022682822872, 71.95494540765031, 73.65421672207202, 72.29649341700741, 73.06285490102273, 69.45304337316622, 71.18192762503166, 72.43708423354462, 74.12201667791997, 71.4664291591319], "val_loss": [0.6443980540099897, 0.6044783505954241, 0.5727476375667673, 0.5575005623855089, 0.6284596441607726, 0.5429434117517973, 0.630143655758155, 0.6021057814359665, 0.4946339310784089, 0.5303906155259985, 0.551555650798898, 0.520729115919063, 0.48439844580073105, 0.6179485430842951, 0.5649030671307915, 0.5505168218361703, 0.4140300342911168, 0.4436714311963634, 0.4202157658965964, 0.4584508914696543, 0.39382413186525045, 0.400593101978302, 0.3991028356708978, 0.395169220472637, 0.3954025663827595, 0.4010181497586401, 0.393175141199639, 0.35994075905335576, 0.3711736512027289, 0.39253709818187515], "val_acc": [82.25, 82.5, 84.45833333333333, 85.29166666666667, 83.04166666666667, 85.91666666666667, 82.66666666666667, 84.70833333333333, 86.375, 86.95833333333333, 85.125, 85.79166666666667, 88.16666666666667, 82.83333333333333, 84.75, 85.33333333333333, 90.5, 89.04166666666667, 89.33333333333333, 88.91666666666667, 90.95833333333333, 90.75, 91.04166666666667, 90.29166666666667, 90.5, 90.625, 91.25, 92.0, 91.66666666666667, 91.16666666666667]}